id,Timestamp,Latitude,Longitude,Radius,Dens_Acc,Dens_sat,Lst,Arg_Lat,dst,kp,qdlat,mlt
Swarm_C_Density,2014-06-01 11:00:50,-31.2211,-18.824,6849.98,3.12214e-13,4.68173e-13,9.759,211.323,7.54154336308,10.0,19.3319206238,12.5140857697
Swarm_C_Density,2014-06-01 11:04:10,-43.9512,-18.713,6850.88,2.61476e-13,3.70063e-13,9.822,224.075,7.70819669741,10.0,8.84348583221,19.7273750305
Swarm_C_Density,2014-06-01 11:07:30,-56.6621,-18.074,6851.46,2.14098e-13,2.94041e-13,9.92,236.821,7.87485003175,10.0,12.9479827881,8.87555980682
Swarm_C_Density,2014-06-01 11:10:50,-69.3333,-15.903,6851.79,1.78973e-13,2.58411e-13,10.12,249.561,8.04150336608,10.0,-70.1401519775,8.63762760162
Swarm_C_Density,2014-06-01 11:14:10,-81.7967,-5.081,6851.93,1.54091e-13,2.57267e-13,10.897,262.298,8.20815670041,10.0,-8.12584018707,21.1311988831
Swarm_C_Density,2014-06-01 11:17:30,-84.3733,127.419,6851.93,1.30522e-13,2.71748e-13,19.786,275.033,8.37481003475,10.0,19.1539325714,11.9848232269
Swarm_C_Density,2014-06-01 11:20:50,-72.1058,146.324,6851.79,1.4407e-13,2.83607e-13,21.102,287.769,8.54146336908,10.0,-25.5252571106,10.448589325
Swarm_C_Density,2014-06-01 11:24:10,-59.4528,149.224,6851.49,1.64838e-13,2.91764e-13,21.351,300.509,8.70811670342,10.0,12.5848798752,8.7696428299
Swarm_C_Density,2014-06-01 11:27:30,-46.7475,150.063,6850.96,1.68387e-13,3.1258e-13,21.463,313.253,8.87477003775,10.0,-17.2489070892,11.3540849686
Swarm_C_Density,2014-06-01 11:30:50,-34.0208,150.255,6850.12,1.69502e-13,3.58736e-13,21.531,326.004,9.02762221019,10.0,15.1412324905,18.9477424622
Swarm_C_Density,2014-06-01 11:34:10,-21.2796,150.175,6848.92,1.82082e-13,4.10443e-13,21.581,338.762,9.13875110187,10.0,20.0254707336,12.9795894623
Swarm_C_Density,2014-06-01 11:37:30,-8.52828,149.972,6847.32,2.30403e-13,4.3279e-13,21.623,351.528,9.24987999356,10.0,-42.5443458557,9.94427871704
Swarm_C_Density,2014-06-01 11:40:50,4.23253,149.729,6845.35,2.73959e-13,4.32549e-13,21.662,4.302,9.36100888525,10.0,-39.9285850525,10.2200021744
Swarm_C_Density,2014-06-01 11:44:10,16.9995,149.506,6843.1,3.23724e-13,4.45198e-13,21.703,17.083,9.47213777693,10.0,-35.4018478394,11.2614688873
Swarm_C_Density,2014-06-01 11:47:30,29.7712,149.374,6840.72,3.79509e-13,4.85595e-13,21.75,29.871,9.58326666862,10.0,11.8383216858,9.63821125031
Swarm_C_Density,2014-06-01 11:50:50,42.5424,149.454,6838.41,3.65385e-13,5.32056e-13,21.811,42.664,9.69439556031,10.0,-54.8056678772,9.01622867584
Swarm_C_Density,2014-06-01 11:54:10,55.3075,150.014,6836.39,3.72854e-13,5.58271e-13,21.904,55.462,9.80552445199,10.0,83.4479598999,19.3499660492
Swarm_C_Density,2014-06-01 11:57:30,68.0441,151.931,6834.84,4.27008e-13,5.73259e-13,22.087,68.262,9.91665334368,10.0,13.1536159515,10.7619628906
Swarm_C_Density,2014-06-01 12:00:50,80.6216,160.757,6833.94,4.64305e-13,5.95997e-13,22.731,81.064,10.0277822354,3.0,39.0196342468,22.4788417816
Swarm_C_Density,2014-06-01 12:04:10,85.3693,-71.1,6833.79,4.75577e-13,6.49539e-13,7.329,93.867,10.1389111271,3.0,42.3631973267,4.68566656113
Swarm_C_Density,2014-06-01 12:07:30,73.1921,-45.956,6834.4,5.45667e-13,7.13478e-13,9.061,106.67,10.2500400187,3.0,-16.8386249542,10.8878879547
Swarm_C_Density,2014-06-01 12:10:50,60.4857,-42.676,6835.7,5.07089e-13,7.64548e-13,9.335,119.472,10.3611689104,3.0,19.8811244965,11.2209501266
Swarm_C_Density,2014-06-01 12:14:10,47.7277,-41.744,6837.56,5.44199e-13,7.92502e-13,9.453,132.27,10.4722978021,3.0,16.6600189209,23.887014389
Swarm_C_Density,2014-06-01 12:17:30,34.9575,-41.518,6839.77,5.15244e-13,8.02158e-13,9.524,145.065,10.5834266938,3.0,53.2740020752,9.90465354919
Swarm_C_Density,2014-06-01 12:20:50,22.1854,-41.583,6842.14,4.82457e-13,7.85029e-13,9.575,157.855,10.6945555855,3.0,75.8949584961,10.5344572067
Swarm_C_Density,2014-06-01 12:24:10,9.41597,-41.779,6844.46,4.62637e-13,7.28822e-13,9.618,170.639,10.8056844772,3.0,26.6857776642,17.7116889954
Swarm_C_Density,2014-06-01 12:27:30,-3.34704,-42.021,6846.56,4.25712e-13,6.48617e-13,9.657,183.416,10.9168133689,3.0,16.5034313202,23.7167434692
Swarm_C_Density,2014-06-01 12:30:50,-16.1023,-42.248,6848.33,3.79976e-13,5.65854e-13,9.697,196.185,11.0139677775,3.0,67.4570541382,21.9482021332
Swarm_C_Density,2014-06-01 12:34:10,-28.8474,-42.39,6849.71,3.10943e-13,4.78641e-13,9.743,208.947,11.0695188889,3.0,53.3537597656,9.92888259888
Swarm_C_Density,2014-06-01 12:37:30,-41.5803,-42.335,6850.71,2.37027e-13,3.81278e-13,9.803,221.7,11.1250700004,3.0,18.8091983795,12.8044099808
Swarm_C_Density,2014-06-01 12:40:50,-54.2957,-41.834,6851.38,2.08667e-13,2.94798e-13,9.892,234.447,11.1806211118,3.0,31.7334156036,1.32684612274
Swarm_C_Density,2014-06-01 12:44:10,-66.9777,-40.114,6851.78,1.81852e-13,2.44054e-13,10.062,247.188,11.2361722233,3.0,14.4140663147,23.7516326904
Swarm_C_Density,2014-06-01 12:47:30,-79.5233,-32.72,6851.99,1.58452e-13,2.29504e-13,10.61,259.925,11.2917233347,3.0,11.9161319733,9.87334251404
Swarm_C_Density,2014-06-01 12:50:50,-86.295,86.43,6852.04,1.67526e-13,2.3838e-13,18.609,272.66,11.3472744462,3.0,13.8535757065,12.9309864044
Swarm_C_Density,2014-06-01 12:54:10,-74.449,121.571,6851.96,1.6087e-13,2.5456e-13,21.008,285.395,11.4028255576,3.0,14.7146139145,12.0345582962
Swarm_C_Density,2014-06-01 12:57:30,-61.8175,125.347,6851.71,1.56515e-13,2.70773e-13,21.315,298.133,11.458376669,3.0,1.2413380146,11.3143892288
Swarm_C_Density,2014-06-01 13:00:50,-49.1191,126.398,6851.24,1.44862e-13,2.96539e-13,21.44,310.876,11.5139277805,3.0,56.3499298096,16.996219635
Swarm_C_Density,2014-06-01 13:04:10,-36.3959,126.67,6850.47,1.63221e-13,3.43646e-13,21.514,323.625,11.5694788919,3.0,-41.1068077087,22.1694412231
Swarm_C_Density,2014-06-01 13:07:30,-23.6581,126.626,6849.34,1.91474e-13,3.98945e-13,21.567,336.381,11.6250300034,3.0,61.4556846619,21.2791080475
Swarm_C_Density,2014-06-01 13:10:50,-10.9082,126.439,6847.81,2.34644e-13,4.28287e-13,21.61,349.145,11.6805811148,3.0,22.773229599,16.6968345642
Swarm_C_Density,2014-06-01 13:14:10,1.8494,126.199,6845.9,2.48725e-13,4.29116e-13,21.649,1.917,11.7361322263,3.0,-10.7712574005,0.510585784912
Swarm_C_Density,2014-06-01 13:17:30,14.6152,125.967,6843.68,2.87385e-13,4.34919e-13,21.689,14.696,11.7916833377,3.0,-21.553943634,10.9109506607
Swarm_C_Density,2014-06-01 13:20:50,27.3853,125.812,6841.29,3.34495e-13,4.68378e-13,21.735,27.482,11.8472344492,3.0,48.4796104431,14.9822406769
Swarm_C_Density,2014-06-01 13:24:10,40.1573,125.839,6838.92,3.41448e-13,5.17236e-13,21.792,40.274,11.9027855606,3.0,3.10957384109,11.3560562134
Swarm_C_Density,2014-06-01 13:27:30,52.9248,126.275,6836.79,3.77814e-13,5.5158e-13,21.877,53.071,11.958336672,3.0,58.5708808899,21.4067878723
Swarm_C_Density,2014-06-01 13:30:50,65.6698,127.8,6835.1,4.03577e-13,5.67688e-13,22.034,65.871,12.0138877835,3.0,16.8906593323,6.6336517334
Swarm_C_Density,2014-06-01 13:34:10,78.3081,134.005,6834.04,4.47696e-13,5.89285e-13,22.503,78.673,12.0694388949,3.0,6.3234705925,11.3002233505
Swarm_C_Density,2014-06-01 13:37:30,87.0003,-121.682,6833.71,4.85214e-13,6.32388e-13,5.513,91.476,12.1249900064,3.0,14.1795244217,11.941567421
Swarm_C_Density,2014-06-01 13:40:50,75.5467,-70.914,6834.16,4.95344e-13,6.91746e-13,8.953,104.279,12.1805411178,3.0,-38.8759803772,10.516122818
Swarm_C_Density,2014-06-01 13:44:10,62.8649,-66.592,6835.32,5.08704e-13,7.46536e-13,9.297,117.081,12.2360922293,3.0,48.1236305237,4.18981981277
Swarm_C_Density,2014-06-01 13:47:30,50.1118,-65.423,6837.08,4.96361e-13,7.82551e-13,9.43,129.881,12.2916433407,3.0,18.8977985382,12.7175569534
Swarm_C_Density,2014-06-01 13:50:50,37.342,-65.11,6839.26,5.02547e-13,8.00661e-13,9.507,142.677,12.3471944522,3.0,53.731502533,3.81718635559
Swarm_C_Density,2014-06-01 13:54:10,24.5692,-65.136,6841.64,5.06618e-13,7.92407e-13,9.56,155.468,12.4027455636,3.0,19.4115066528,11.4926567078
Swarm_C_Density,2014-06-01 13:57:30,11.799,-65.314,6844.02,4.50261e-13,7.41105e-13,9.604,168.253,12.458296675,3.0,41.3561706543,4.9757733345
Swarm_C_Density,2014-06-01 14:00:50,-0.964945,-65.552,6846.21,4.15328e-13,6.5851e-13,9.644,181.031,12.5138477865,3.0,18.8859653473,13.2774991989
Swarm_C_Density,2014-06-01 14:04:10,-13.7222,-65.786,6848.07,3.63463e-13,5.736e-13,9.684,193.802,12.5693988979,3.0,12.2543058395,10.0496377945
Swarm_C_Density,2014-06-01 14:07:30,-26.4689,-65.95,6849.55,3.01493e-13,4.92153e-13,9.728,206.565,12.6249500094,3.0,-50.0990524292,8.43169498444
Swarm_C_Density,2014-06-01 14:10:50,-39.2046,-65.944,6850.63,2.27831e-13,4.02788e-13,9.784,219.319,12.6805011208,3.0,60.0058937073,8.0867805481
Swarm_C_Density,2014-06-01 14:14:10,-51.9236,-65.559,6851.36,2.11507e-13,3.13068e-13,9.866,232.067,12.7360522323,3.0,17.619228363,6.94901514053
Swarm_C_Density,2014-06-01 14:17:30,-64.6139,-64.187,6851.81,1.72368e-13,2.48357e-13,10.013,244.808,12.7916033437,3.0,17.6888694763,14.5633134842
Swarm_C_Density,2014-06-01 14:20:50,-77.2081,-58.865,6852.04,1.33213e-13,2.17876e-13,10.423,257.546,12.8471544552,3.0,36.0770606995,15.9153318405
Swarm_C_Density,2014-06-01 14:24:10,-87.3435,23.201,6852.11,1.32886e-13,2.14403e-13,15.949,270.281,12.9027055666,3.0,-65.7148666382,7.14115810394
Swarm_C_Density,2014-06-01 14:27:30,-76.7857,96.353,6852.04,1.3316e-13,2.27286e-13,20.882,283.016,12.958256678,3.0,21.6814365387,12.1995639801
Swarm_C_Density,2014-06-01 14:30:50,-64.1852,101.389,6851.81,1.45605e-13,2.48087e-13,21.273,295.753,12.9861888961,3.0,72.3003311157,1.21487236023
Swarm_C_Density,2014-06-01 14:34:10,-51.4939,102.706,6851.36,1.49173e-13,2.79556e-13,21.417,308.495,12.9306244503,3.0,10.0032815933,8.3840675354
Swarm_C_Density,2014-06-01 14:37:30,-38.7742,103.073,6850.62,1.61465e-13,3.30078e-13,21.497,321.242,12.8750600044,3.0,-56.8526573181,14.5276031494
Swarm_C_Density,2014-06-01 14:40:50,-26.0385,103.07,6849.54,1.87632e-13,3.9042e-13,21.552,333.997,12.8194955586,3.0,23.692150116,20.3333740234
Swarm_C_Density,2014-06-01 14:44:10,-13.2906,102.902,6848.06,2.37755e-13,4.28387e-13,21.596,346.76,12.7639311127,3.0,15.9283161163,13.0235300064
Swarm_C_Density,2014-06-01 14:47:30,-0.534645,102.667,6846.21,2.38934e-13,4.33087e-13,21.636,359.53,12.7083666669,3.0,19.2571315765,13.1645965576
Swarm_C_Density,2014-06-01 14:50:50,12.2306,102.43,6844.03,2.50158e-13,4.34107e-13,21.676,12.309,12.652802221,3.0,15.1325559616,23.761554718
Swarm_C_Density,2014-06-01 14:54:10,25.0004,102.255,6841.66,2.91176e-13,4.6056e-13,21.72,25.094,12.5972377752,3.0,29.1814098358,23.2902946472
Swarm_C_Density,2014-06-01 14:57:30,37.7723,102.237,6839.29,3.46753e-13,5.10421e-13,21.774,37.885,12.5416733294,3.0,13.5270776749,7.64481925964
Swarm_C_Density,2014-06-01 15:00:50,50.5413,102.567,6837.12,3.58667e-13,5.60491e-13,21.852,50.681,12.4861088835,7.0,26.4732952118,12.0226917267
Swarm_C_Density,2014-06-01 15:04:10,63.2925,103.785,6835.37,4.09673e-13,5.8027e-13,21.988,63.48,12.4305444377,7.0,-26.9931488037,10.3562545776
Swarm_C_Density,2014-06-01 15:07:30,75.969,108.341,6834.22,4.20479e-13,5.93155e-13,22.348,76.282,12.3749799918,7.0,-26.1350212097,6.93140268326
Swarm_C_Density,2014-06-01 15:10:50,87.1754,166.509,6833.8,4.32811e-13,6.23147e-13,2.281,89.085,12.319415546,7.0,26.1370162964,13.8833522797
Swarm_C_Density,2014-06-01 15:14:10,77.8887,-96.45,6834.13,4.50806e-13,6.74432e-13,8.806,101.887,12.2638511001,7.0,65.4817123413,13.4866409302
Swarm_C_Density,2014-06-01 15:17:30,65.2431,-90.594,6835.21,4.73308e-13,7.30181e-13,9.252,114.689,12.2082866543,7.0,73.2849197388,12.6984987259
Swarm_C_Density,2014-06-01 15:20:50,52.4971,-89.129,6836.9,4.59005e-13,7.73045e-13,9.405,127.489,12.1527222084,7.0,-1.03701472282,8.9136390686
Swarm_C_Density,2014-06-01 15:24:10,39.7297,-88.712,6839.04,4.80561e-13,7.99407e-13,9.489,140.285,12.0971577626,7.0,47.0317802429,11.7927083969
Swarm_C_Density,2014-06-01 15:27:30,26.9579,-88.694,6841.41,4.71458e-13,8.00531e-13,9.545,153.076,12.0415933168,7.0,-24.8858222961,10.9154691696
Swarm_C_Density,2014-06-01 15:30:50,14.1876,-88.852,6843.8,4.32618e-13,7.56613e-13,9.59,165.862,11.9720644474,7.0,23.0659732819,11.5256032944
Swarm_C_Density,2014-06-01 15:34:10,1.42307,-89.084,6846.02,3.78947e-13,6.73606e-13,9.63,178.641,11.8609622245,7.0,-49.2600097656,0.691272735596
Swarm_C_Density,2014-06-01 15:37:30,-11.3347,-89.324,6847.92,3.70022e-13,5.85136e-13,9.67,191.412,11.7498600016,7.0,-65.7127990723,11.6674213409
Swarm_C_Density,2014-06-01 15:40:50,-24.0833,-89.506,6849.45,3.26668e-13,5.07455e-13,9.713,204.176,11.6387577788,7.0,60.0853271484,2.31698894501
Swarm_C_Density,2014-06-01 15:44:10,-36.8202,-89.543,6850.57,2.53826e-13,4.29649e-13,9.767,216.931,11.5276555559,7.0,20.3370990753,13.1175823212
Swarm_C_Density,2014-06-01 15:47:30,-49.5425,-89.254,6851.33,2.12862e-13,3.44793e-13,9.841,229.68,11.416553333,7.0,60.573184967,12.4114961624
Swarm_C_Density,2014-06-01 15:50:50,-62.24,-88.158,6851.79,1.82952e-13,2.69927e-13,9.97,242.422,11.3054511101,7.0,-14.8009128571,4.33838891983
Swarm_C_Density,2014-06-01 15:54:10,-74.8662,-84.187,6852.03,1.35593e-13,2.22787e-13,10.29,255.16,11.1943488872,7.0,39.4988021851,5.41344594955
Swarm_C_Density,2014-06-01 15:57:30,-86.5758,-44.221,6852.1,1.24755e-13,2.0375e-13,13.01,267.895,11.0832466643,7.0,79.1633300781,20.5254173279
Swarm_C_Density,2014-06-01 16:00:50,-79.1119,70.371,6852.03,1.14607e-13,2.06606e-13,20.705,280.63,10.9721444414,7.0,-76.4917144775,9.5560131073
Swarm_C_Density,2014-06-01 16:04:10,-66.5569,77.328,6851.81,1.20506e-13,2.26077e-13,21.225,293.367,10.8610422185,7.0,64.3581542969,14.9140739441
Swarm_C_Density,2014-06-01 16:07:30,-53.8729,78.982,6851.38,1.47039e-13,2.61568e-13,21.39,306.108,10.7499399956,7.0,57.0958137512,3.8951253891
Swarm_C_Density,2014-06-01 16:10:50,-41.1567,79.462,6850.68,1.4221e-13,3.1653e-13,21.478,318.855,10.6388377728,7.0,51.7823829651,13.8412761688
Swarm_C_Density,2014-06-01 16:14:10,-28.4229,79.508,6849.64,1.56324e-13,3.82723e-13,21.537,331.609,10.5277355499,7.0,18.7436485291,11.5848760605
Swarm_C_Density,2014-06-01 16:17:30,-15.6775,79.362,6848.23,2.05598e-13,4.30065e-13,21.582,344.371,10.416633327,7.0,-61.878112793,2.34602451324
Swarm_C_Density,2014-06-01 16:20:50,-2.9217,79.135,6846.43,2.28805e-13,4.40833e-13,21.623,357.14,10.3055311041,7.0,24.0865592957,10.1371679306
Swarm_C_Density,2014-06-01 16:24:10,9.84144,78.893,6844.32,2.40128e-13,4.39169e-13,21.662,9.918,10.1944288812,7.0,63.6667823792,13.6915044785
Swarm_C_Density,2014-06-01 16:27:30,22.6115,78.701,6842.0,2.90306e-13,4.58835e-13,21.705,22.702,10.0833266583,7.0,62.9871063232,14.4872179031
Swarm_C_Density,2014-06-01 16:30:50,35.3836,78.643,6839.65,3.44539e-13,5.0785e-13,21.757,35.492,10.0,7.0,-6.17195796967,5.44718408585
Swarm_C_Density,2014-06-01 16:34:10,48.154,78.885,6837.46,3.55713e-13,5.6082e-13,21.828,48.287,10.0,7.0,-1.04405546188,8.28666305542
Swarm_C_Density,2014-06-01 16:37:30,60.9111,79.857,6835.66,3.97502e-13,5.87833e-13,21.949,61.086,10.0,7.0,62.9043922424,14.0052871704
Swarm_C_Density,2014-06-01 16:40:50,73.6123,83.302,6834.42,4.22158e-13,5.95733e-13,22.234,73.888,10.0,7.0,9.9666929245,12.7891750336
Swarm_C_Density,2014-06-01 16:44:10,85.7104,111.493,6833.89,4.36718e-13,6.12851e-13,0.169,86.69,10.0,7.0,14.197678566,13.9438610077
Swarm_C_Density,2014-06-01 16:47:30,80.2112,-122.973,6834.11,4.44499e-13,6.5301e-13,8.593,99.493,10.0,7.0,-25.482126236,23.4469547272
Swarm_C_Density,2014-06-01 16:50:50,67.6222,-114.708,6835.08,4.72944e-13,7.05597e-13,9.2,112.294,10.0,7.0,8.03353118896,8.9721698761
Swarm_C_Density,2014-06-01 16:54:10,54.8846,-112.866,6836.69,4.75475e-13,7.52717e-13,9.378,125.094,10.0,7.0,67.4488830566,15.6107053757
Swarm_C_Density,2014-06-01 16:57:30,42.1197,-112.328,6838.76,4.75274e-13,7.87429e-13,9.47,137.89,10.0,7.0,45.3358917236,18.4280567169
Swarm_C_Density,2014-06-01 17:00:50,29.3486,-112.258,6841.1,4.8791e-13,8.0021e-13,9.53,150.682,10.0,7.0,4.93012189865,17.3972206116
Swarm_C_Density,2014-06-01 17:04:10,16.5787,-112.393,6843.49,4.50654e-13,7.67717e-13,9.577,163.468,10.0,7.0,-11.965845108,18.5728282928
Swarm_C_Density,2014-06-01 17:07:30,3.81314,-112.617,6845.74,3.9584e-13,6.87821e-13,9.617,176.248,10.0,7.0,-37.6986236572,2.04968643188
Swarm_C_Density,2014-06-01 17:10:50,-8.94579,-112.859,6847.69,3.64078e-13,5.9572e-13,9.657,189.021,10.0,7.0,-73.9192123413,14.3084793091
Swarm_C_Density,2014-06-01 17:14:10,-21.6957,-113.058,6849.27,3.29899e-13,5.19351e-13,9.699,201.785,10.0,7.0,24.5214767456,9.72850799561
Swarm_C_Density,2014-06-01 17:17:30,-34.4349,-113.132,6850.44,2.79258e-13,4.53499e-13,9.75,214.542,10.0,7.0,23.9581813812,8.62505340576
Swarm_C_Density,2014-06-01 17:20:50,-47.1597,-112.926,6851.23,2.27566e-13,3.79332e-13,9.819,227.292,10.0,7.0,-56.6468467712,13.2553739548
Swarm_C_Density,2014-06-01 17:24:10,-59.8641,-112.051,6851.71,2.02701e-13,2.98836e-13,9.933,240.035,10.0,7.0,20.1325321198,11.1250743866
Swarm_C_Density,2014-06-01 17:27:30,-72.5129,-109.015,6851.96,1.49467e-13,2.33906e-13,10.191,252.773,10.0,7.0,11.1475496292,9.6780796051
Swarm_C_Density,2014-06-01 17:30:50,-84.7314,-88.184,6852.03,1.23243e-13,1.96571e-13,11.635,265.509,10.0276222054,7.0,-14.5664339066,4.36556386948
Swarm_C_Density,2014-06-01 17:34:10,-81.4054,43.044,6851.96,9.88273e-14,1.84931e-13,20.439,278.244,10.1387510971,7.0,48.705329895,12.1411991119
Swarm_C_Density,2014-06-01 17:37:30,-68.9244,53.137,6851.75,1.12144e-13,1.97184e-13,21.167,290.981,10.2498799888,7.0,-66.4361419678,9.20220661163
Swarm_C_Density,2014-06-01 17:40:50,-56.2521,55.225,6851.35,1.2155e-13,2.34111e-13,21.362,303.722,10.3610088804,7.0,12.7956104279,12.096077919
Swarm_C_Density,2014-06-01 17:44:10,-43.5393,55.839,6850.7,1.34539e-13,2.94462e-13,21.459,316.468,10.4721377721,7.0,8.46750354767,21.4138793945
Swarm_C_Density,2014-06-01 17:47:30,-30.8083,55.941,6849.73,1.4463e-13,3.67252e-13,21.521,329.221,10.5832666638,7.0,20.1075706482,12.3491868973
Swarm_C_Density,2014-06-01 17:50:50,-18.0641,55.821,6848.39,1.94385e-13,4.23862e-13,21.569,341.982,10.6943955555,7.0,66.4947357178,21.2468147278
Swarm_C_Density,2014-06-01 17:54:10,-5.30888,55.603,6846.67,2.59018e-13,4.42549e-13,21.61,354.75,10.8055244472,7.0,-74.6072158813,1.05370903015
Swarm_C_Density,2014-06-01 17:57:30,7.45374,55.359,6844.61,2.51315e-13,4.41315e-13,21.649,7.527,10.9166533389,7.0,45.8840293884,15.2453842163
Swarm_C_Density,2014-06-01 18:00:50,20.2224,55.153,6842.33,3.01795e-13,4.51549e-13,21.691,20.31,11.0277822306,3.0,49.727935791,2.27763271332
Swarm_C_Density,2014-06-01 18:04:10,32.9951,55.061,6839.97,3.75006e-13,4.95279e-13,21.74,33.1,11.1389111222,3.0,25.417339325,21.2389259338
Swarm_C_Density,2014-06-01 18:07:30,45.7669,55.226,6837.75,3.91093e-13,5.51839e-13,21.807,45.895,11.2500400139,3.0,69.5796127319,18.9549942017
Swarm_C_Density,2014-06-01 18:10:50,58.5277,56.0,6835.87,4.09975e-13,5.86951e-13,21.914,58.694,11.3611689057,3.0,23.2633895874,10.5780639648
Swarm_C_Density,2014-06-01 18:14:10,71.2483,58.66,6834.52,4.63061e-13,5.94433e-13,22.147,71.495,11.4722977974,3.0,-34.6190376282,6.20097160339
Swarm_C_Density,2014-06-01 18:17:30,83.6558,74.57,6833.87,4.09862e-13,6.01578e-13,23.263,84.298,11.583426689,3.0,24.3063163757,9.62146472931
Swarm_C_Density,2014-06-01 18:20:50,82.4857,-151.363,6833.97,4.98746e-13,6.29888e-13,8.256,97.1,11.6945555807,3.0,68.6486663818,10.0570821762
Swarm_C_Density,2014-06-01 18:24:10,69.9941,-138.975,6834.82,4.7661e-13,6.75987e-13,9.138,109.903,11.8056844724,3.0,42.7178726196,7.26714134216
Swarm_C_Density,2014-06-01 18:27:30,57.2673,-136.64,6836.33,5.07359e-13,7.23962e-13,9.349,122.703,11.9168133641,3.0,-3.1908853054,16.6646289825
Swarm_C_Density,2014-06-01 18:30:50,44.5058,-135.956,6838.35,5.43711e-13,7.65217e-13,9.45,135.5,12.0279355502,3.0,-21.4840545654,18.5569896698
Swarm_C_Density,2014-06-01 18:34:10,31.7354,-135.826,6840.67,5.08751e-13,7.89995e-13,9.514,148.292,12.1390377731,3.0,40.2202301025,13.9155540466
Swarm_C_Density,2014-06-01 18:37:30,18.9645,-135.934,6843.08,4.69913e-13,7.71864e-13,9.563,161.08,12.250139996,3.0,-69.9422225952,8.30827617645
Swarm_C_Density,2014-06-01 18:40:50,6.1984,-136.148,6845.38,4.28239e-13,6.99129e-13,9.604,173.861,12.3612422188,3.0,3.0436797142,0.0542631149292
Swarm_C_Density,2014-06-01 18:44:10,-6.56219,-136.392,6847.4,3.74147e-13,6.04524e-13,9.643,186.634,12.4723444417,3.0,-48.7343940735,18.8225784302
Swarm_C_Density,2014-06-01 18:47:30,-19.3129,-136.605,6849.05,3.45962e-13,5.26654e-13,9.685,199.4,12.5834466646,3.0,-33.7958717346,9.14406585693
Swarm_C_Density,2014-06-01 18:50:50,-32.0548,-136.711,6850.3,2.77225e-13,4.70093e-13,9.733,212.158,12.6945488875,3.0,4.64196252823,4.7793598175
Swarm_C_Density,2014-06-01 18:54:10,-44.7832,-136.577,6851.16,2.40822e-13,4.09669e-13,9.798,224.909,12.8056511104,3.0,36.1810035706,14.0482711792
Swarm_C_Density,2014-06-01 18:57:30,-57.4912,-135.883,6851.68,2.19509e-13,3.30351e-13,9.899,237.653,12.9167533333,3.0,29.5278949738,9.12504482269
Swarm_C_Density,2014-06-01 19:00:50,-70.1562,-133.519,6851.96,1.56029e-13,2.50805e-13,10.113,250.392,13.0278555562,3.0,65.6951522827,22.6276473999
Swarm_C_Density,2014-06-01 19:04:10,-82.5774,-120.931,6852.05,1.25333e-13,1.95233e-13,11.007,263.128,13.1389577791,3.0,10.4614706039,12.745675087
Swarm_C_Density,2014-06-01 19:07:30,-83.6287,12.99,6852.0,1.12567e-13,1.68476e-13,19.991,275.863,13.250060002,3.0,-73.8933563232,7.01374912262
Swarm_C_Density,2014-06-01 19:10:50,-71.2847,28.768,6851.8,1.06696e-13,1.69063e-13,21.098,288.6,13.3611622248,3.0,-54.4507980347,9.9343547821
Swarm_C_Density,2014-06-01 19:14:10,-58.6254,31.427,6851.43,1.10972e-13,2.01449e-13,21.331,301.339,13.4722644477,3.0,29.9579105377,22.2908668518
Swarm_C_Density,2014-06-01 19:17:30,-45.9183,32.202,6850.82,1.3122e-13,2.64704e-13,21.438,314.084,13.5833666706,3.0,55.502155304,8.99222660065
Swarm_C_Density,2014-06-01 19:20:50,-33.1898,32.369,6849.9,1.52194e-13,3.43722e-13,21.505,326.836,13.6944688935,3.0,23.5715198517,21.9533042908
Swarm_C_Density,2014-06-01 19:24:10,-20.4475,32.278,6848.62,2.02991e-13,4.09067e-13,21.555,339.595,13.8055711164,3.0,65.7487716675,8.7113904953
Swarm_C_Density,2014-06-01 19:27:30,-7.6943,32.071,6846.97,2.63238e-13,4.36697e-13,21.596,352.363,13.9166733393,3.0,50.9817352295,20.3249130249
Swarm_C_Density,2014-06-01 19:30:50,5.06736,31.827,6844.96,2.46657e-13,4.38896e-13,21.636,5.138,13.9861122189,3.0,28.0861282349,21.0458335876
Swarm_C_Density,2014-06-01 19:34:10,17.8352,31.608,6842.7,2.94503e-13,4.49496e-13,21.677,17.921,13.9305611075,3.0,51.5294342041,20.2810001373
Swarm_C_Density,2014-06-01 19:37:30,30.6077,31.487,6840.34,3.45193e-13,4.88588e-13,21.724,30.71,13.875009996,3.0,-31.0305995941,1.17298412323
Swarm_C_Density,2014-06-01 19:40:50,43.3811,31.587,6838.07,3.46472e-13,5.46849e-13,21.786,43.504,13.8194588846,3.0,23.493309021,11.2380132675
Swarm_C_Density,2014-06-01 19:44:10,56.1455,32.198,6836.1,3.92113e-13,5.90118e-13,21.883,56.302,13.7639077731,3.0,-72.0941848755,22.9879226685
Swarm_C_Density,2014-06-01 19:47:30,68.8789,34.283,6834.64,4.25173e-13,6.00881e-13,22.077,69.103,13.7083566617,3.0,14.2545795441,10.2808322906
Swarm_C_Density,2014-06-01 19:50:50,81.4254,44.424,6833.85,5.14423e-13,6.01974e-13,22.809,81.906,13.6528055502,3.0,19.2328033447,11.3774833679
Swarm_C_Density,2014-06-01 19:54:10,84.6569,176.125,6833.8,4.69724e-13,6.20807e-13,7.644,94.709,13.5972544388,3.0,-86.8086853027,23.8957328796
Swarm_C_Density,2014-06-01 19:57:30,72.3598,-163.456,6834.52,4.64795e-13,6.60876e-13,9.061,107.512,13.5417033274,3.0,23.7211475372,20.8899364471
Swarm_C_Density,2014-06-01 20:00:50,59.648,-160.462,6835.93,4.78763e-13,7.08407e-13,9.316,120.313,13.4861522159,3.0,-63.7890930176,12.0838623047
Swarm_C_Density,2014-06-01 20:04:10,46.8893,-159.601,6837.87,4.86526e-13,7.53005e-13,9.429,133.111,13.4306011045,3.0,-71.5160980225,7.45242214203
Swarm_C_Density,2014-06-01 20:07:30,34.1194,-159.402,6840.16,5.04461e-13,7.85715e-13,9.498,145.905,13.375049993,3.0,-78.2460784912,6.05928993225
Swarm_C_Density,2014-06-01 20:10:50,21.3482,-159.479,6842.58,4.608e-13,7.80487e-13,9.549,158.693,13.3194988816,3.0,27.3216094971,10.4673519135
Swarm_C_Density,2014-06-01 20:14:10,8.58095,-159.68,6844.92,4.39208e-13,7.1779e-13,9.591,171.476,13.2639477701,3.0,27.154176712,12.3993120193
Swarm_C_Density,2014-06-01 20:17:30,-4.18086,-159.924,6847.01,3.91837e-13,6.23042e-13,9.63,184.251,13.2083966587,3.0,29.9351997375,20.9483947754
Swarm_C_Density,2014-06-01 20:20:50,-16.9349,-160.147,6848.74,3.67591e-13,5.40581e-13,9.671,197.019,13.1528455472,3.0,-77.526184082,6.34030723572
Swarm_C_Density,2014-06-01 20:24:10,-29.6778,-160.281,6850.07,3.1267e-13,4.86785e-13,9.717,209.778,13.0972944358,3.0,13.8255786896,10.1298389435
Swarm_C_Density,2014-06-01 20:27:30,-42.4088,-160.207,6851.0,2.39872e-13,4.3821e-13,9.778,222.53,13.0417433244,3.0,25.8031387329,11.7195415497
Swarm_C_Density,2014-06-01 20:30:50,-55.1225,-159.662,6851.59,2.24241e-13,3.6701e-13,9.87,235.276,12.972377797,3.0,13.8746051788,20.8094520569
Swarm_C_Density,2014-06-01 20:34:10,-67.8003,-157.798,6851.91,1.72553e-13,2.81542e-13,10.05,248.016,12.8612489053,3.0,13.5399007797,11.9314861298
Swarm_C_Density,2014-06-01 20:37:30,-80.321,-149.415,6852.04,1.35856e-13,2.11083e-13,10.664,260.752,12.7501200136,3.0,-43.4144554138,8.5489282608
Swarm_C_Density,2014-06-01 20:40:50,-85.6762,-23.643,6852.02,1.02224e-13,1.70413e-13,19.104,273.487,12.638991122,3.0,23.0844745636,22.0697822571
Swarm_C_Density,2014-06-01 20:44:10,-73.6337,4.139,6851.86,1.02979e-13,1.58823e-13,21.012,286.223,12.5278622303,3.0,-62.7350883484,7.37241601944
Swarm_C_Density,2014-06-01 20:47:30,-60.9937,7.574,6851.54,1.09323e-13,1.81003e-13,21.297,298.962,12.4167333386,3.0,64.8328933716,19.5901374817
Swarm_C_Density,2014-06-01 20:50:50,-48.2914,8.546,6850.98,1.34426e-13,2.40446e-13,21.417,311.706,12.3056044469,3.0,44.7794494629,20.636756897
Swarm_C_Density,2014-06-01 20:54:10,-35.5665,8.789,6850.14,1.52864e-13,3.22499e-13,21.489,324.456,12.1944755552,3.0,66.8273696899,19.1288471222
Swarm_C_Density,2014-06-01 20:57:30,-22.8267,8.731,6848.93,1.94441e-13,3.95572e-13,21.54,337.214,12.0833466635,3.0,10.5682849884,10.2479829788
Swarm_C_Density,2014-06-01 21:00:50,-10.0751,8.539,6847.35,2.45043e-13,4.33645e-13,21.583,349.979,11.9722177718,7.0,30.9800796509,0.230669021606
Swarm_C_Density,2014-06-01 21:04:10,2.68418,8.297,6845.4,2.62985e-13,4.39694e-13,21.623,2.753,11.8610888801,7.0,54.0231513977,20.191570282
Swarm_C_Density,2014-06-01 21:07:30,15.4517,8.068,6843.17,2.77896e-13,4.4855e-13,21.663,15.534,11.7499599884,7.0,-17.0797710419,23.2370681763
Swarm_C_Density,2014-06-01 21:10:50,28.2234,7.921,6840.8,3.19097e-13,4.83902e-13,21.709,28.322,11.6388310967,7.0,19.3045749664,11.8018770218
Swarm_C_Density,2014-06-01 21:14:10,40.9965,7.965,6838.49,3.52951e-13,5.42095e-13,21.767,41.115,11.527702205,7.0,59.4937705994,17.6889572144
Swarm_C_Density,2014-06-01 21:17:30,53.7643,8.442,6836.44,3.6102e-13,5.91952e-13,21.854,53.913,11.4165733134,7.0,-8.0245847702,12.0238523483
Swarm_C_Density,2014-06-01 21:20:50,66.5073,10.093,6834.85,4.09906e-13,6.0871e-13,22.02,66.714,11.3054444217,7.0,-82.4517288208,22.3713531494
Swarm_C_Density,2014-06-01 21:24:10,79.1279,17.075,6833.91,4.34971e-13,6.08179e-13,22.541,79.516,11.19431553,7.0,11.3719072342,19.5899162292
Swarm_C_Density,2014-06-01 21:27:30,86.5244,132.777,6833.7,4.30689e-13,6.2056e-13,6.31,92.32,11.0831866383,7.0,13.7912092209,7.84069633484
Swarm_C_Density,2014-06-01 21:30:50,74.7172,171.746,6834.26,4.67369e-13,6.55577e-13,8.964,105.123,10.9860322261,7.0,-77.1020126343,7.94791698456
Swarm_C_Density,2014-06-01 21:34:10,62.0259,175.655,6835.53,4.46861e-13,7.01691e-13,9.28,117.924,10.9304811147,7.0,30.0273838043,21.1233787537
Swarm_C_Density,2014-06-01 21:37:30,49.2709,176.733,6837.38,4.61665e-13,7.4694e-13,9.407,130.723,10.8749300032,7.0,16.9433002472,8.71384048462
Swarm_C_Density,2014-06-01 21:40:50,36.5025,177.013,6839.62,4.82243e-13,7.83605e-13,9.481,143.518,10.8193788918,7.0,9.22353076935,20.4565849304
Swarm_C_Density,2014-06-01 21:44:10,23.7306,176.972,6842.04,4.8386e-13,7.88774e-13,9.534,156.308,10.7638277803,7.0,-77.1012496948,7.48829221725
Swarm_C_Density,2014-06-01 21:47:30,10.9619,176.787,6844.42,4.82787e-13,7.37997e-13,9.577,169.092,10.7082766689,7.0,12.4625358582,9.72125339508
Swarm_C_Density,2014-06-01 21:50:50,-1.8017,176.546,6846.58,4.22373e-13,6.4697e-13,9.617,181.869,10.6527255574,7.0,-25.4111595154,16.7113819122
Swarm_C_Density,2014-06-01 21:54:10,-14.5576,176.314,6848.41,3.98789e-13,5.59706e-13,9.657,194.639,10.597174446,7.0,-46.2165336609,9.13485050201
Swarm_C_Density,2014-06-01 21:57:30,-27.3028,176.157,6849.83,3.3496e-13,5.03019e-13,9.702,207.4,10.5416233346,7.0,-71.837020874,0.279559135437
Swarm_C_Density,2014-06-01 22:00:50,-40.0367,176.178,6850.85,2.81786e-13,4.60972e-13,9.759,220.153,10.4860722231,7.0,8.39915466309,20.6688041687
Swarm_C_Density,2014-06-01 22:04:10,-52.7539,176.601,6851.51,2.54322e-13,3.99885e-13,9.843,232.9,10.4305211117,7.0,-39.6184387207,6.21020078659
Swarm_C_Density,2014-06-01 22:07:30,-65.4412,178.083,6851.88,2.10767e-13,3.16802e-13,9.997,245.641,10.3749700002,7.0,19.8585853577,4.70434522629
Swarm_C_Density,2014-06-01 22:10:50,-78.0207,-175.98,6852.06,1.78033e-13,2.37949e-13,10.449,258.377,10.3194188888,7.0,-62.3257980347,7.66535186768
Swarm_C_Density,2014-06-01 22:14:10,-87.1553,-77.79,6852.07,1.31341e-13,1.85253e-13,17.05,271.112,10.2638677773,7.0,44.5983695984,10.4412956238
Swarm_C_Density,2014-06-01 22:17:30,-75.9712,-20.883,6851.95,8.51915e-14,1.62712e-13,20.899,283.848,10.2083166659,7.0,43.8863525391,21.9238109589
Swarm_C_Density,2014-06-01 22:20:50,-63.358,-16.348,6851.66,1.14689e-13,1.73026e-13,21.257,296.586,10.1527655544,7.0,-48.1682548523,10.0091896057
Swarm_C_Density,2014-06-01 22:24:10,-50.6628,-15.132,6851.16,1.47674e-13,2.22824e-13,21.394,309.328,10.097214443,7.0,28.6691436768,19.9781150818